"Time","Time Code","Country Name","Country Code","AgriValueAddedin","FertilzerUse","GDPpc","LiveStockIndex","TotalMethane Emission","TotalPop","RuralPop%"
2022,"YR2022","Afghanistan","AFG",33.7014323213923,5.05506194916337,1981.71016810561,95.4,16.1232,40578842,73.384
2022,"YR2022","Albania","ALB",16.9844794042968,38.4078414980772,17097.4783599802,83.74,2.2125,2777689,36.201
2022,"YR2022","Algeria","DZA",10.6131779036563,20.6756433750299,14782.2002968893,98.11,68.8108,45477389,25.228
2022,"YR2022","Angola","AGO",13.7377884974543,13.2583063465476,7397.48642731105,130.74,34.4327,35635029,31.919
2022,"YR2022","Antigua and Barbuda","ATG",1.95443873342217,7.33,28033.1307782063,111.88,0.0566,92840,75.654
2022,"YR2022","Argentina","ARG",6.63829697473642,63.3031674680588,27627.9634764636,113.91,127.7957,45407904,7.65300000000001
2022,"YR2022","Armenia","ARM",10.1467039255683,42.4616131728141,17886.1783877168,100.02,2.295,2969200,36.427
2022,"YR2022","Australia","AUS",2.67322768587611,106.568233807772,59845.7858045434,87.48,136.1128,26014399,13.512
2022,"YR2022","Austria","AUT",1.37475103789849,97.4190761271641,65602.2565334818,100.45,9.3845,9041851,40.744
2022,"YR2022","Azerbaijan","AZE",4.61220830811053,24.7085042306038,21051.2687619289,121.33,15.8873,10141756,42.83
2022,"YR2022","Bahrain","BHR",0.244988699184074,90.6380952380952,57465.1729784449,134.41,24.1278,1524693,10.257
2022,"YR2022","Bangladesh","BGD",11.2176010351595,390.901243970551,7888.16389098304,153.13,126.8205,169384897,60.289
2022,"YR2022","Barbados","BRB",1.63501978128438,47.9671428571429,18469.5765888638,100.84,0.1643,282318,68.676
2022,"YR2022","Belarus","BLR",8.04181871674039,195.409917945059,26537.5083074865,109.93,20.909,9228071,19.674
2022,"YR2022","Belize","BLZ",7.74932377841009,126.2332,12569.8179433088,117.39,0.5276,402733,53.604
2022,"YR2022","Benin","BEN",26.8964460711789,36.8753352942734,3588.33525858047,140.91,7.3472,13759501,50.466
2022,"YR2022","Bhutan","BTN",14.6710119418684,16.8966978791609,14061.3120213689,132.29,1.1186,780914,56.314
2022,"YR2022","Bolivia","BOL",12.4687256566478,7.53124869889222,9681.70742674425,120.45,24.2868,12077154,29.17
2022,"YR2022","Bosnia and Herzegovina","BIH",4.82624839377878,59.3047023809524,19280.8873000514,83.81,5.7155,3204802,50.159
2022,"YR2022","Botswana","BWA",1.57972698993137,72.7011153846154,18648.1355964132,90.32,3.3811,2439892,27.776
2022,"YR2022","Brazil","BRA",5.76747490819457,363.001772579951,18554.0461842977,112.15,647.2237,210306415,12.445
2022,"YR2022","Brunei Darussalam","BRN",1.09616029704876,177.25,76357.8291017772,123.11,1.7553,455370,21.146
2022,"YR2022","Burkina Faso","BFA",18.4967125792015,13.2587841546224,2466.05331390054,96.49,20.4323,22509038,68.123
2022,"YR2022","Burundi","BDI",27.566714644381,39.7898660890129,829.38715963357,132.11,4.8519,13321097,85.583
2022,"YR2022","Cabo Verde","CPV",4.95404868851136,8.1808,8850.1066918812,88.65,0.158,519741,32.455
2022,"YR2022","Cambodia","KHM",16.5440859884848,32.9310290134094,6456.7382143272,95.81,26.6806,17201724,74.886
2022,"YR2022","Cameroon","CMR",16.5461644132745,14.6247274193548,4843.65038202917,110.47,21.0184,27632771,41.267
2022,"YR2022","Central African Republic","CAF",36.2171100024119,0.0103111111111111,1137.34726560057,109.89,7.5384,5098039,56.88
2022,"YR2022","Chad","TCD",23.0026616176612,4.65312452830189,1688.46017530264,145.44,67.8353,18455316,75.937
2022,"YR2022","Chile","CHL",3.46215605787724,220.154244737451,29585.6016724692,103.4,20.2381,19553036,12.088
2022,"YR2022","China","CHN",7.32176246533625,397.663451054431,21011.6171309077,109.5,1790.0736,1412175000,36.44
2022,"YR2022","Colombia","COL",8.87466313237733,410.831454207629,18419.0383990604,110.33,94.5505,51737944,17.95
2022,"YR2022","Comoros","COM",36.4121960127207,3.90676923076923,3463.00574300891,99.79,0.3948,834188,70.136
2022,"YR2022","Congo, Dem. Rep.","COD",17.7354848282402,1.99883351620251,1385.46472380959,105.71,44.1293,102396968,53.163
2022,"YR2022","Congo, Rep.","COG",8.0419106943363,11.6632727272727,6205.1050414034,106.56,15.0318,6035104,31.264
2022,"YR2022","Costa Rica","CRI",4.14007362090085,770.631137699972,24841.5462660993,113.36,5.7628,5081765,17.958
2022,"YR2022","Cote d'Ivoire","CIV",15.7838523965067,25.2677440405359,6261.53314478398,116.93,12.4941,30395002,47.339
2022,"YR2022","Croatia","HRV",3.3931201373947,188.575615474795,39828.032540985,97.79,3.6062,3855641,41.781
2022,"YR2022","Cyprus","CYP",1.17596981559622,127.730936464196,51622.46875,121.57,2.3075,1331370,33.089
2022,"YR2022","Czechia","CZE",2.07634975500264,155.064618628686,48346.9712129599,102.33,14.6185,10672118,25.623
2022,"YR2022","Denmark","DNK",0.789585486727465,116.226694915254,70170.2241633235,102.21,10.3677,5903037,11.633
2022,"YR2022","Djibouti","DJI",1.82023656967841,33.98,6083.64368190087,130.77,1.1995,1137096,21.62
2022,"YR2022","Dominica","DMA",15.8259776860059,47.5766666666667,16557.6406670121,102.31,0.0575,66826,28.3
2022,"YR2022","Dominican Republic","DOM",5.78799123566876,162.194754846066,22757.3896159896,111.38,12.4922,11230734,16.152
2022,"YR2022","Ecuador","ECU",7.17629160510665,325.920041067762,14263.2039756632,93.93,23.5047,17823897,35.43
2022,"YR2022","Egypt, Arab Rep.","EGY",10.9457534758116,538.027715114405,16360.3907750364,119.36,51.8298,112618250,57.033
2022,"YR2022","El Salvador","SLV",4.67574397635181,39.1594868238558,11068.9214300637,98.89,3.2471,6280319,25.233
2022,"YR2022","Equatorial Guinea","GNQ",2.48978303214525,7.07547169811321,16932.7706827155,86.55,3.7777,1803545,25.99
2022,"YR2022","Estonia","EST",2.43515558146526,85.7793493635078,43650.9384247922,94.58,1.949,1348840,30.391
2022,"YR2022","Eswatini","SWZ",7.90484224740504,91.9805084745763,9740.06525909122,100.16,1.412,1218917,75.424
2022,"YR2022","Ethiopia","ETH",37.6422282713295,37.8088084540632,2655.57791619133,116.06,113.0056,125384287,77.339
2022,"YR2022","Faroe Islands","FRO",18.9131683737148,148.571428571429,69338.8098239515,107.1,0.0423,53952,57.221
2022,"YR2022","Fiji","FJI",12.7114467868395,127.928125,12762.3465811337,167.44,0.8093,919422,41.771
2022,"YR2022","Finland","FIN",2.23993326419263,65.3032530120482,57405.5518560939,97.85,6.5421,5556106,14.319
2022,"YR2022","France","FRA",1.76309719499818,118.974903902233,53643.0758541719,93.18,66.7124,68065015,18.491
2022,"YR2022","Gabon","GAB",6.29508498829371,104.359046153846,18662.0497970114,104.13,12.9028,2430747,9.265
2022,"YR2022","Gambia, The","GMB",22.8604385781593,2.23638636363636,2863.18049829859,73.35,1.0963,2636470,36.148
2022,"YR2022","Georgia","GEO",6.63235520175679,83.0116772151899,20966.5280391134,105.66,4.192,3712502,39.703
2022,"YR2022","Germany","DEU",1.00395816735587,116.870120957365,62875.2052184608,93.35,61.0396,83797985,22.352
2022,"YR2022","Ghana","GHA",19.5136382027158,37.0496188878745,6729.27440352562,119.16,18.153,33149152,41.385
2022,"YR2022","Greece","GRC",3.75329560961209,146.651766004415,35874.2385851541,100.09,10.6172,10436882,19.643
2022,"YR2022","Grenada","GRD",4.11812385826105,92.51,16386.46233816,137.37,0.048,116913,63.132
2022,"YR2022","Guatemala","GTM",9.12633542640532,164.09305019305,12153.0305986535,120.25,17.8796,17847877,47.334
2022,"YR2022","Guinea","GIN",28.3819737139685,5.63012388466122,3792.01068836277,108.73,19.4314,14055137,62.332
2022,"YR2022","Guinea-Bissau","GNB",34.652773563961,10.8988418970901,2507.0147245235,100.94,2.1403,2105529,54.959
2022,"YR2022","Guyana","GUY",10.0298369253619,42.7370714285714,37068.1968873149,153.54,3.5763,821637,72.978
2022,"YR2022","Haiti","HTI",20.2753493141772,5.54774129353234,3047.65179299452,102.16,8.7867,11503606,41.18
2022,"YR2022","Honduras","HND",12.4732730244455,191.107907662083,6352.58710177732,117.36,9.0233,10463872,40.4
2022,"YR2022","Hungary","HUN",3.10575704849421,109.72801840261,40316.5693350966,99.63,10.1275,9644377,27.448
2022,"YR2022","Iceland","ISL",4.25024703935194,126.03305785124,65563.9208701239,101.26,0.5713,382003,6.008
2022,"YR2022","India","IND",16.6394310409691,193.227559099717,8544.68888383182,132.52,836.7582,1425423212,64.128
2022,"YR2022","Indonesia","IDN",12.3998843807634,308.330786466752,13334.293520304,189.99,406.6895,278830529,42.066
2022,"YR2022","Iran, Islamic Rep.","IRN",12.7653151216866,68.2894369068094,15331.3329400419,99.85,153.9438,89524246,23.193
2022,"YR2022","Iraq","IRQ",1.63505216595179,51.1078728114309,13393.6749428104,112.05,165.9384,44070551,28.646
2022,"YR2022","Ireland","IRL",1.09874883896339,1198.28493273543,125511.975961656,123.24,17.8429,5165700,35.817
2022,"YR2022","Italy","ITA",1.89134009285373,113.921274640316,52206.4866229918,102.34,41.3457,59013667,28.343
2022,"YR2022","Jamaica","JAM",8.09936510175336,59.2845833333333,10072.0485289361,114.88,0.8431,2839144,42.992
2022,"YR2022","Japan","JPN",1.01759821736288,218.027545499262,44970.2217135899,104.84,58.8479,125124989,8.045
2022,"YR2022","Jordan","JOR",4.81784457116001,98.1456658171172,9266.57547415865,130.28,5.8164,11256263,8.173
2022,"YR2022","Kazakhstan","KAZ",5.24714480730074,3.87263774153429,33506.2614893237,124.81,62.0785,20034609,42.01
2022,"YR2022","Kenya","KEN",21.0361920649933,35.0559414144847,5491.69378280246,103.71,66.2924,54252461,70.998
2022,"YR2022","Kiribati","KIR",27.7545790076376,4.93,3117.76025805862,112.73,0.0268,130469,42.942
2022,"YR2022","Korea, Rep.","KOR",1.64164716763395,325.433333333333,49364.4933757757,109.28,46.7756,51672569,18.573
2022,"YR2022","Kyrgyz Republic","KGZ",10.9968056651977,25.6553831084784,6139.77832836366,118.48,9.3411,6975219.5,62.539
2022,"YR2022","Lao PDR","LAO",14.8688822282276,90.2231781045752,8183.03286472653,183.17,12.7492,7559007,62.408
2022,"YR2022","Latvia","LVA",5.07744146465388,101.658806190125,37651.0169023845,102.02,2.4006,1879383,31.46
2022,"YR2022","Lebanon","LBN",1.1895732629522,121.240201005025,11474.7505845558,123.11,4.0049,5744489,10.738
2022,"YR2022","Lesotho","LSO",5.95085395275307,8.36296992481203,2577.54544127769,93.82,1.3943,2286110,70.057
2022,"YR2022","Liberia","LBR",36.2030463526172,19.25,1578.99837069175,104.05,2.516,5373294,46.935
2022,"YR2022","Libya","LBY",1.68643769937353,16.3201279069767,11456.0768149668,120.54,26.0185,7223805,18.698
2022,"YR2022","Lithuania","LTU",3.9279382912554,96.133310068051,46609.1558723102,91.24,3.165,2831639,31.535
2022,"YR2022","Luxembourg","LUX",0.241340659624141,140.988998580462,134507.667530539,120.17,0.587,653103,8.119
2022,"YR2022","Madagascar","MDG",22.4864204865341,6.87724,1622.61082445382,94.4,23.3288,30437261,60.118
2022,"YR2022","Malawi","MWI",27.5975518762201,23.70977,1659.95933825168,190.08,8.432,20568728,82.02
2022,"YR2022","Malaysia","MYS",8.95072082275607,1612.10507566854,32079.1515157489,99.69,29.7924,34695493,21.786
2022,"YR2022","Maldives","MDV",5.0618290802987,65.7897435897436,21357.8112511153,99.53,0.1607,524106,58.464
2022,"YR2022","Mali","MLI",35.3540532234887,7.66030811653279,2357.19035404786,127.27,28.122,23072640,54.563
2022,"YR2022","Malta","MLT",0.772382452954169,100.638461538462,57607.5581786915,96.32,0.1587,531511,5.125
2022,"YR2022","Mauritania","MRT",21.2302013888594,14.0555555555556,6053.26178704876,109.19,8.7001,4875637,43.077
2022,"YR2022","Mauritius","MUS",3.55746033746853,126.420266666667,24831.3727000712,119.39,0.5749,1262523,59.19
2022,"YR2022","Mexico","MEX",3.90504567830242,83.1770116395428,21381.4293104229,120.13,168.0486,128613117,18.7
2022,"YR2022","Micronesia, Fed. Sts.","FSM",22.4685348837209,0.465,3874.19905459701,104.04,0.0368,112114,76.783
2022,"YR2022","Moldova","MDA",8.29326188486187,40.3695066744051,15291.1287359331,76.21,2.3851,2528654,56.827
2022,"YR2022","Morocco","MAR",9.8181364510228,53.4571565495208,8666.0791015625,104.6,30.0143,37329064,35.404
2022,"YR2022","Mozambique","MOZ",25.6392221082741,7.99050619469027,1476.66560299552,153.35,19.2133,32656246,61.813
2022,"YR2022","Myanmar","MMR",22.3343500768495,24.0501892629663,5350.4766689956,35.52,73.115,53756787,68.229
2022,"YR2022","Namibia","NAM",8.75962281408037,14.9223,9948.46458487266,91.27,6.2552,2889662,46.044
2022,"YR2022","Nepal","NPL",20.9143699814879,67.8431755183502,4763.38751082389,144.45,32.8541,29715436,78.549
2022,"YR2022","Netherlands","NLD",1.64194723390554,246.620946215139,71259.6507443765,101.16,19.6104,17700982,7.114
2022,"YR2022","Nicaragua","NIC",16.5234908653067,59.2894011976048,7258.68171711412,125.96,11.0979,6730654,40.444
2022,"YR2022","Niger","NER",41.3505163572647,0.467825988700565,1717.51891457684,115.39,27.4744,25311973,83.106
2022,"YR2022","Nigeria","NGA",23.6918718404603,7.28113880451291,5552.83764994957,112.91,204.0796,223150896,46.479
2022,"YR2022","North Macedonia","MKD",7.27988785468163,44.6609855769231,22801.6725034086,93.24,1.5245,1831712,40.882
2022,"YR2022","Norway","NOR",1.65404445191908,205.878109452736,90756.8957669656,102.79,8.3377,5457127,16.336
2022,"YR2022","Oman","OMN",2.09653736780477,344.509865633701,40366.458231347,186.57,32.1884,4730226,12.25
2022,"YR2022","Pakistan","PAK",22.3268646996031,146.916888190539,5526.27928310213,125.3,249.9504,243700667,62.269
2022,"YR2022","Panama","PAN",2.61152086154905,59.19,33833.0265078284,106.53,4.7261,4400773,30.859
2022,"YR2022","Papua New Guinea","PNG",16.9085919668347,143.872272727273,4125.49303568434,107.71,3.1813,10203169,86.418
2022,"YR2022","Paraguay","PRY",10.8974804512645,96.7061807754032,15259.145631184,113.45,26.5083,6760464,37.182
2022,"YR2022","Peru","PER",7.14735293215378,103.283324371413,15548.9316184939,123.1,26.8239,33475438,21.292
2022,"YR2022","Philippines","PHL",9.55176804414326,285.425198568873,9457.10395402883,90.42,73.1888,113964338,52.023
2022,"YR2022","Poland","POL",2.80606930357805,154.858934169279,43365.8317642475,113.33,50.4269,36821749,39.866
2022,"YR2022","Portugal","PRT",1.90543677756043,116.27320792495,41033.8113460773,104.85,10.5733,10434332,32.619
2022,"YR2022","Puerto Rico","PRI",0.666301537767947,49.2938247011952,42562.3765666695,89.28,1.6525,3220113,6.39
2022,"YR2022","Qatar","QAT",0.256559616869689,240.240952380952,114740.123614647,140.1,22.1547,2657333,0.682000000000002
2022,"YR2022","Romania","ROU",3.8129043866278,90.26354889782,39344.5610815364,83.59,22.3594,19048502,45.511
2022,"YR2022","Russian Federation","RUS",3.82076764376678,28.2127103387615,38263.6171875,116.88,475.932,144236933,24.874
2022,"YR2022","Rwanda","RWA",24.8869754110813,29.0564648375907,2889.88485326106,87.15,4.6667,13651030,82.279
2022,"YR2022","Samoa","WSM",9.99264987474928,3.84322409211692,5843.77179166403,80.63,0.1428,215261,82.384
2022,"YR2022","Sao Tome and Principe","STP",13.9317577053548,48.51,5632.13890715047,108.04,0.0706,226305,24.245
2022,"YR2022","Saudi Arabia","SAU",2.40492087955598,119.321260359892,57351.8743866923,164.71,118.7138,32175224,15.271
2022,"YR2022","Senegal","SEN",16.340976315304,18.5241122715405,4227.73341842106,144.34,11.8108,17651103,50.914
2022,"YR2022","Seychelles","SYC",2.59090853442949,511,28540.7623221189,189.71,0.0733,119878,41.604
2022,"YR2022","Sierra Leone","SLE",33.7662790136482,2.66671717171717,2934.03013453843,101.8,5.0684,8276807,56.169
2022,"YR2022","Slovak Republic","SVK",1.92924847500286,117.393410447761,38603.5508050495,88.18,6.2125,5431752,46.091
2022,"YR2022","Slovenia","SVN",1.7102320081773,215.850321139347,47021.7205328765,101.54,2.9895,2112076,44.249
2022,"YR2022","Solomon Islands","SLB",33.7555285921171,29.515652173913,2517.92542109908,101.66,0.2768,781066,74.416
2022,"YR2022","South Africa","ZAF",2.70990871821223,91.4664741666667,13777.1927520564,103.24,90.4224,62378410,31.665
2022,"YR2022","Spain","ESP",2.30957558409148,110.602584309425,46633.7531065409,118.7,46.6599,47759127,18.696
2022,"YR2022","Sri Lanka","LKA",8.49709598933623,153.938228862974,13249.4085187153,125.14,15.9311,22181000,80.974
2022,"YR2022","St. Kitts and Nevis","KNA",1.18610039775686,5.196,29761.2753518753,131.1,0.0479,46709,69.009
2022,"YR2022","St. Lucia","LCA",1.51771457480278,199.76404494382,22961.9622175008,117.62,0.0603,178781,80.95
2022,"YR2022","St. Vincent and the Grenadines","VCT",4.57706943395937,93.45,17172.2076165046,88.9,0.0485,102046,46.125
2022,"YR2022","Sudan","SDN",5.03129266150122,7.10201554286672,3132.0771484375,106.37,86.3272,49383346,64.044
2022,"YR2022","Suriname","SUR",7.29566179490095,185.7082,18742.5873760369,124.07,0.977,623164,33.693
2022,"YR2022","Sweden","SWE",1.04020128176122,102.668425632911,63158.3624047836,99.81,8.2578,10486941,11.508
2022,"YR2022","Syrian Arab Republic","SYR",43.0599878108777,6.41858628532211,4454.85373271464,98.92,6.8392,22462173,43.231
2022,"YR2022","Tajikistan","TJK",22.9348537040845,93.3492489270386,4213.75618362687,185.93,9.9798,10182222,72.032
2022,"YR2022","Tanzania","TZA",24.2569694569378,19.0844665802629,3546.98095703125,145.47,51.8232,64711821,63.318
2022,"YR2022","Thailand","THA",8.72463857350797,108.548372594752,20741.5235270511,103.25,115.1137,71735329,47.111
2022,"YR2022","Timor-Leste","TLS",10.3344923041058,1.17587443946188,5344.13695159456,92.01,1.0947,1369295,67.926
2022,"YR2022","Togo","TGO",18.7001426667896,13.2962754716981,2662.25917134822,142.92,6.0326,9089738,56.079
2022,"YR2022","Tonga","TON",15.5719324326622,5.1545,6901.73855566074,100.86,0.099,105042,76.875
2022,"YR2022","Trinidad and Tobago","TTO",1.07695844326054,139.0572,31323.277264658,90.87,5.3071,1365805,46.66
2022,"YR2022","Tunisia","TUN",10.7958851488668,52.0806131459047,12632.0392214109,104.46,8.5778,12119334,29.786
2022,"YR2022","Turkiye","TUR",6.47692581339169,114.573041497474,32718.7468166111,137.31,128.471,84979913,22.978
2022,"YR2022","Turkmenistan","TKM",10.9344870689238,343.24217585693,17119.5744946142,113.98,27.222,7230193,46.506
2022,"YR2022","Uganda","UGA",24.0117220529553,2.61498695652174,2724.90609568409,99.02,36.4731,47312719,73.841
2022,"YR2022","Ukraine","UKR",8.57297627041519,55.639351233143,13787.12109375,81.22,55.8055,41048766,30.081
2022,"YR2022","United Arab Emirates","ARE",0.703347021034237,327.415109343936,68867.8259305075,132.1,37.6756,10074977,12.457
2022,"YR2022","United Kingdom","GBR",0.660339419924098,194.918554974211,52842.9763605676,105.24,47.2707,67791000,15.602
2022,"YR2022","Uruguay","URY",6.95628905852144,178.000151265549,30879.9288178994,109.58,26.695,3390913,4.312
2022,"YR2022","Uzbekistan","UZB",20.9737716891415,237.159297505275,9607.56167273728,121.61,63.936,34938955,49.534
2022,"YR2022","Viet Nam","VNM",11.9555291630892,418.362598460172,12930.2562185687,135.42,116.0198,99680655,61.234
2022,"YR2022","Zambia","ZMB",3.09401583016467,64.5626394736842,3585.12379084347,109.06,13.6129,20152938,54.239
2022,"YR2022","Zimbabwe","ZWE",7.17054980904313,33.3305873292184,3323.1219315624,119.62,13.8533,16069056,67.605
